1,9d814464-7f57-44c8-8ae1-6c5a54691196,ml,80,2025-07-11,
1,cb9f980a-78d0-43cd-a51d-1db2e4b20feb,devops,40,2024-04-21,
1,16758bd0-6dc6-4106-aeb0-f5fdfd1227f1,pm,,2025-12-01,
2,55503441-59a3-4907-a70f-caf2a25a0a9a,security,40,2024-07-18,
2,9d814464-7f57-44c8-8ae1-6c5a54691196,support,80,2025-07-11,
2,90ce35d0-1f85-4bce-a8e2-c272bf22787d,architect,50,2025-06-14,
3,4d37d809-ada3-429e-b164-116d6a1c5117,ml,20,2024-10-25,
4,dd691571-8bf3-41f2-a729-9332ea5a54ec,pm,60,2025-11-09,
5,95717935-f9fb-408a-9fb7-3d7176618477,pm,40,2025-10-22,
6,40bd7fdf-a7aa-47b8-b718-90f1d187e7b8,dev_frontend,20,2025-04-16,
7,a413a468-0545-4053-95a6-12f17bc0c824,security,50,2024-04-09,
7,ed3b9b80-d4a3-475b-b0af-019df33040f1,dev_frontend,20,2024-04-19,
8,440e2cfe-cd3a-44e0-ba0b-717004150b24,analyst,50,2025-03-24,
8,354eb07b-12c8-4ca7-ba14-3f1866256716,support,40,2025-01-13,2025-02-27
8,cb9f980a-78d0-43cd-a51d-1db2e4b20feb,dev_frontend,60,2024-04-21,
9,8e272949-7499-4ffd-8215-9910943932c8,support,30,2024-07-07,
9,db48c679-bd75-43e8-b043-c697bea2faaf,analyst,40,2025-08-09,
10,7ffb8305-4ce5-4b39-aa43-f938af632a3d,ba,50,2024-01-15,
10,e963abf7-e6fd-497d-9ff3-752d4b9a68b2,ml,30,2025-01-22,
11,d7108aa8-ad2d-4787-8fb1-cbe12fa09eaa,analyst,40,2025-02-12,
12,8df7fac8-3696-48e6-9a59-ba6f8b95fcab,security,80,2024-07-22,
12,16758bd0-6dc6-4106-aeb0-f5fdfd1227f1,ml,50,2025-12-01,
12,354eb07b-12c8-4ca7-ba14-3f1866256716,analyst,50,2025-01-13,2025-02-27
13,83b85698-3fd5-490d-a8d9-7987227f6e53,devops,30,2024-07-17,
14,a70deba0-1b44-43f7-8afd-e66a2c6523dc,dev_frontend,20,2024-06-01,
14,214c841b-51fd-4ab0-9f1f-517943f17c5f,devops,80,2024-05-21,
15,95717935-f9fb-408a-9fb7-3d7176618477,architect,80,2025-10-22,
15,354eb07b-12c8-4ca7-ba14-3f1866256716,analyst,60,2025-01-13,2025-02-27
16,48532cb1-1edd-4550-82a8-0e35d96e7ba0,qa,,2024-01-23,
16,4644c3dd-a7f5-4a00-bef0-0f2b90d85a65,dev_backend,30,2025-11-19,
16,dd691571-8bf3-41f2-a729-9332ea5a54ec,architect,20,2025-11-09,
17,dd691571-8bf3-41f2-a729-9332ea5a54ec,devops,80,2025-11-09,
17,4d37d809-ada3-429e-b164-116d6a1c5117,ba,30,2024-10-25,
17,a8cd9a8b-fda7-4976-847d-ef86880147f6,architect,40,2025-03-10,
18,4644c3dd-a7f5-4a00-bef0-0f2b90d85a65,pm,20,2025-11-19,
18,9d814464-7f57-44c8-8ae1-6c5a54691196,qa,60,2025-07-11,
18,48532cb1-1edd-4550-82a8-0e35d96e7ba0,architect,20,2024-01-23,
19,f30a5e30-b630-4a59-b3e8-1fdf4ffa6703,devops,80,2024-05-30,
19,90ce35d0-1f85-4bce-a8e2-c272bf22787d,qa,30,2025-06-14,
19,214c841b-51fd-4ab0-9f1f-517943f17c5f,support,40,2024-05-21,
20,cb9f980a-78d0-43cd-a51d-1db2e4b20feb,analyst,,2024-04-21,
20,a413a468-0545-4053-95a6-12f17bc0c824,qa,,2024-04-09,
20,d7108aa8-ad2d-4787-8fb1-cbe12fa09eaa,analyst,40,2025-02-12,
21,ed3b9b80-d4a3-475b-b0af-019df33040f1,dev_backend,20,2024-04-19,
21,3aa248f1-8099-4909-9d04-e6804f839793,devops,30,2025-11-03,
22,95717935-f9fb-408a-9fb7-3d7176618477,support,40,2025-10-22,
22,cb9f980a-78d0-43cd-a51d-1db2e4b20feb,pm,60,2024-04-21,
22,4644c3dd-a7f5-4a00-bef0-0f2b90d85a65,ml,40,2025-11-19,
23,40bd7fdf-a7aa-47b8-b718-90f1d187e7b8,security,20,2025-04-16,
23,8e272949-7499-4ffd-8215-9910943932c8,dev_backend,20,2024-07-07,
23,3aa248f1-8099-4909-9d04-e6804f839793,ba,,2025-11-03,
24,90ce35d0-1f85-4bce-a8e2-c272bf22787d,security,50,2025-06-14,
24,a6b043ef-a9b3-48bd-ac81-f295efd26116,pm,20,2024-06-19,
24,a70deba0-1b44-43f7-8afd-e66a2c6523dc,qa,40,2024-06-01,
25,a413a468-0545-4053-95a6-12f17bc0c824,devops,30,2024-04-09,
25,a8cd9a8b-fda7-4976-847d-ef86880147f6,pm,20,2025-03-10,
25,4644c3dd-a7f5-4a00-bef0-0f2b90d85a65,architect,50,2025-11-19,
26,35603545-7247-4c6b-9f94-4122d758a26c,pm,,2025-07-09,
27,90ce35d0-1f85-4bce-a8e2-c272bf22787d,dev_backend,20,2025-06-14,
27,a8cd9a8b-fda7-4976-847d-ef86880147f6,dev_frontend,80,2025-03-10,
28,16758bd0-6dc6-4106-aeb0-f5fdfd1227f1,dev_backend,,2025-12-01,
29,c09d50bd-0ca0-422d-b8d2-401343fb5a0d,ba,20,2024-04-12,
29,9d814464-7f57-44c8-8ae1-6c5a54691196,ml,80,2025-07-11,
29,440e2cfe-cd3a-44e0-ba0b-717004150b24,analyst,40,2025-03-24,
30,4644c3dd-a7f5-4a00-bef0-0f2b90d85a65,dev_backend,,2025-11-19,
30,f811441c-161c-4c5b-960c-d04f0a32f776,pm,50,2024-01-18,
31,a6b043ef-a9b3-48bd-ac81-f295efd26116,dev_backend,60,2024-06-19,
31,a413a468-0545-4053-95a6-12f17bc0c824,devops,30,2024-04-09,
32,7ffb8305-4ce5-4b39-aa43-f938af632a3d,architect,80,2024-01-15,
32,35603545-7247-4c6b-9f94-4122d758a26c,dev_backend,60,2025-07-09,
33,35603545-7247-4c6b-9f94-4122d758a26c,security,30,2025-07-09,
33,ed3b9b80-d4a3-475b-b0af-019df33040f1,security,20,2024-04-19,
34,db48c679-bd75-43e8-b043-c697bea2faaf,support,30,2025-08-09,
34,7ffb8305-4ce5-4b39-aa43-f938af632a3d,devops,50,2024-01-15,
34,35603545-7247-4c6b-9f94-4122d758a26c,ba,20,2025-07-09,
35,55503441-59a3-4907-a70f-caf2a25a0a9a,analyst,60,2024-07-18,
36,354eb07b-12c8-4ca7-ba14-3f1866256716,security,80,2025-01-13,2025-02-27
36,40bd7fdf-a7aa-47b8-b718-90f1d187e7b8,qa,30,2025-04-16,
36,83b85698-3fd5-490d-a8d9-7987227f6e53,dev_frontend,50,2024-07-17,
37,fb3de690-8752-49b8-ab5d-3917de804eb5,ba,50,2025-07-30,
37,55503441-59a3-4907-a70f-caf2a25a0a9a,ml,80,2024-07-18,
38,8df7fac8-3696-48e6-9a59-ba6f8b95fcab,devops,20,2024-07-22,
39,4d37d809-ada3-429e-b164-116d6a1c5117,dev_frontend,,2024-10-25,
39,3aa248f1-8099-4909-9d04-e6804f839793,dev_backend,30,2025-11-03,
40,4d37d809-ada3-429e-b164-116d6a1c5117,qa,,2024-10-25,
41,a70deba0-1b44-43f7-8afd-e66a2c6523dc,qa,40,2024-06-01,
42,4644c3dd-a7f5-4a00-bef0-0f2b90d85a65,dev_frontend,50,2025-11-19,
43,ed3b9b80-d4a3-475b-b0af-019df33040f1,pm,20,2024-04-19,
43,8e272949-7499-4ffd-8215-9910943932c8,ba,20,2024-07-07,
43,8df7fac8-3696-48e6-9a59-ba6f8b95fcab,pm,60,2024-07-22,
44,90ce35d0-1f85-4bce-a8e2-c272bf22787d,architect,80,2025-06-14,
44,48532cb1-1edd-4550-82a8-0e35d96e7ba0,devops,80,2024-01-23,
45,d7108aa8-ad2d-4787-8fb1-cbe12fa09eaa,qa,50,2025-02-12,
45,7ffb8305-4ce5-4b39-aa43-f938af632a3d,dev_frontend,20,2024-01-15,
45,cb9f980a-78d0-43cd-a51d-1db2e4b20feb,qa,80,2024-04-21,
46,83b85698-3fd5-490d-a8d9-7987227f6e53,security,,2024-07-17,
47,a6b043ef-a9b3-48bd-ac81-f295efd26116,support,20,2024-06-19,
47,fb3de690-8752-49b8-ab5d-3917de804eb5,dev_backend,80,2025-07-30,
47,c09d50bd-0ca0-422d-b8d2-401343fb5a0d,devops,60,2024-04-12,
48,fb3de690-8752-49b8-ab5d-3917de804eb5,pm,50,2025-07-30,
48,8e272949-7499-4ffd-8215-9910943932c8,ml,50,2024-07-07,
49,c09d50bd-0ca0-422d-b8d2-401343fb5a0d,architect,60,2024-04-12,
49,4d37d809-ada3-429e-b164-116d6a1c5117,support,40,2024-10-25,
50,35603545-7247-4c6b-9f94-4122d758a26c,security,50,2025-07-09,
51,fb3de690-8752-49b8-ab5d-3917de804eb5,dev_frontend,20,2025-07-30,
51,55503441-59a3-4907-a70f-caf2a25a0a9a,security,,2024-07-18,
52,a413a468-0545-4053-95a6-12f17bc0c824,devops,30,2024-04-09,
52,8e272949-7499-4ffd-8215-9910943932c8,analyst,80,2024-07-07,
52,a70deba0-1b44-43f7-8afd-e66a2c6523dc,security,60,2024-06-01,
53,8e272949-7499-4ffd-8215-9910943932c8,devops,80,2024-07-07,
53,f811441c-161c-4c5b-960c-d04f0a32f776,dev_backend,20,2024-01-18,
54,a8cd9a8b-fda7-4976-847d-ef86880147f6,dev_backend,50,2025-03-10,
55,354eb07b-12c8-4ca7-ba14-3f1866256716,dev_backend,40,2025-01-13,2025-02-27
55,83b85698-3fd5-490d-a8d9-7987227f6e53,devops,50,2024-07-17,
55,a6b043ef-a9b3-48bd-ac81-f295efd26116,qa,80,2024-06-19,
56,f811441c-161c-4c5b-960c-d04f0a32f776,dev_backend,,2024-01-18,
56,a413a468-0545-4053-95a6-12f17bc0c824,analyst,60,2024-04-09,
56,8df7fac8-3696-48e6-9a59-ba6f8b95fcab,pm,20,2024-07-22,
57,55503441-59a3-4907-a70f-caf2a25a0a9a,ml,80,2024-07-18,
57,ed3b9b80-d4a3-475b-b0af-019df33040f1,analyst,80,2024-04-19,
58,f811441c-161c-4c5b-960c-d04f0a32f776,architect,40,2024-01-18,
59,9d814464-7f57-44c8-8ae1-6c5a54691196,ml,,2025-07-11,
59,e963abf7-e6fd-497d-9ff3-752d4b9a68b2,qa,60,2025-01-22,
60,214c841b-51fd-4ab0-9f1f-517943f17c5f,analyst,60,2024-05-21,
60,f30a5e30-b630-4a59-b3e8-1fdf4ffa6703,ba,60,2024-05-30,
61,440e2cfe-cd3a-44e0-ba0b-717004150b24,dev_frontend,40,2025-03-24,
61,b6dee060-e8b6-4b04-a3aa-40a283cbc3b3,ml,50,2025-10-27,
62,a70deba0-1b44-43f7-8afd-e66a2c6523dc,dev_frontend,60,2024-06-01,
63,db48c679-bd75-43e8-b043-c697bea2faaf,devops,50,2025-08-09,
64,3aa248f1-8099-4909-9d04-e6804f839793,ba,50,2025-11-03,
64,cb9f980a-78d0-43cd-a51d-1db2e4b20feb,dev_backend,20,2024-04-21,
64,8e272949-7499-4ffd-8215-9910943932c8,dev_backend,50,2024-07-07,
65,e963abf7-e6fd-497d-9ff3-752d4b9a68b2,architect,80,2025-01-22,
65,4644c3dd-a7f5-4a00-bef0-0f2b90d85a65,devops,40,2025-11-19,
66,35603545-7247-4c6b-9f94-4122d758a26c,pm,20,2025-07-09,
67,48532cb1-1edd-4550-82a8-0e35d96e7ba0,ba,50,2024-01-23,
67,354eb07b-12c8-4ca7-ba14-3f1866256716,support,60,2025-01-13,2025-02-27
67,a8cd9a8b-fda7-4976-847d-ef86880147f6,dev_frontend,,2025-03-10,
68,cb9f980a-78d0-43cd-a51d-1db2e4b20feb,dev_frontend,60,2024-04-21,
68,f30a5e30-b630-4a59-b3e8-1fdf4ffa6703,analyst,,2024-05-30,
69,95717935-f9fb-408a-9fb7-3d7176618477,devops,20,2025-10-22,
70,a6b043ef-a9b3-48bd-ac81-f295efd26116,pm,30,2024-06-19,
71,f811441c-161c-4c5b-960c-d04f0a32f776,pm,20,2024-01-18,
71,4d37d809-ada3-429e-b164-116d6a1c5117,ml,,2024-10-25,
72,83b85698-3fd5-490d-a8d9-7987227f6e53,dev_frontend,60,2024-07-17,
73,440e2cfe-cd3a-44e0-ba0b-717004150b24,pm,20,2025-03-24,
73,35603545-7247-4c6b-9f94-4122d758a26c,analyst,,2025-07-09,
74,e963abf7-e6fd-497d-9ff3-752d4b9a68b2,ba,80,2025-01-22,
74,55503441-59a3-4907-a70f-caf2a25a0a9a,ba,20,2024-07-18,
74,4d37d809-ada3-429e-b164-116d6a1c5117,pm,80,2024-10-25,
75,d7108aa8-ad2d-4787-8fb1-cbe12fa09eaa,qa,,2025-02-12,
76,8e272949-7499-4ffd-8215-9910943932c8,ba,80,2024-07-07,
76,16758bd0-6dc6-4106-aeb0-f5fdfd1227f1,support,60,2025-12-01,
76,95717935-f9fb-408a-9fb7-3d7176618477,analyst,20,2025-10-22,
77,83b85698-3fd5-490d-a8d9-7987227f6e53,ml,,2024-07-17,
77,db48c679-bd75-43e8-b043-c697bea2faaf,pm,80,2025-08-09,
77,b6dee060-e8b6-4b04-a3aa-40a283cbc3b3,analyst,20,2025-10-27,
78,4644c3dd-a7f5-4a00-bef0-0f2b90d85a65,analyst,30,2025-11-19,
78,e963abf7-e6fd-497d-9ff3-752d4b9a68b2,dev_backend,60,2025-01-22,
79,90ce35d0-1f85-4bce-a8e2-c272bf22787d,dev_backend,20,2025-06-14,
79,4644c3dd-a7f5-4a00-bef0-0f2b90d85a65,ml,20,2025-11-19,
79,a413a468-0545-4053-95a6-12f17bc0c824,analyst,20,2024-04-09,
80,214c841b-51fd-4ab0-9f1f-517943f17c5f,ba,80,2024-05-21,
80,48532cb1-1edd-4550-82a8-0e35d96e7ba0,dev_frontend,40,2024-01-23,
81,8df7fac8-3696-48e6-9a59-ba6f8b95fcab,ba,40,2024-07-22,
81,4d37d809-ada3-429e-b164-116d6a1c5117,pm,,2024-10-25,
82,ed3b9b80-d4a3-475b-b0af-019df33040f1,dev_backend,,2024-04-19,
82,35603545-7247-4c6b-9f94-4122d758a26c,architect,20,2025-07-09,
83,a8cd9a8b-fda7-4976-847d-ef86880147f6,pm,50,2025-03-10,
83,8e272949-7499-4ffd-8215-9910943932c8,pm,30,2024-07-07,
84,dd691571-8bf3-41f2-a729-9332ea5a54ec,support,,2025-11-09,
85,db48c679-bd75-43e8-b043-c697bea2faaf,analyst,20,2025-08-09,
85,b6dee060-e8b6-4b04-a3aa-40a283cbc3b3,security,,2025-10-27,
86,fb3de690-8752-49b8-ab5d-3917de804eb5,security,20,2025-07-30,
86,c09d50bd-0ca0-422d-b8d2-401343fb5a0d,dev_frontend,40,2024-04-12,
86,214c841b-51fd-4ab0-9f1f-517943f17c5f,analyst,40,2024-05-21,
87,4644c3dd-a7f5-4a00-bef0-0f2b90d85a65,dev_backend,80,2025-11-19,
87,48532cb1-1edd-4550-82a8-0e35d96e7ba0,dev_backend,30,2024-01-23,
88,90ce35d0-1f85-4bce-a8e2-c272bf22787d,ba,60,2025-06-14,
88,16758bd0-6dc6-4106-aeb0-f5fdfd1227f1,architect,20,2025-12-01,
88,55503441-59a3-4907-a70f-caf2a25a0a9a,ml,50,2024-07-18,
89,a8cd9a8b-fda7-4976-847d-ef86880147f6,devops,50,2025-03-10,
90,7ffb8305-4ce5-4b39-aa43-f938af632a3d,qa,50,2024-01-15,
90,3aa248f1-8099-4909-9d04-e6804f839793,devops,,2025-11-03,
90,8df7fac8-3696-48e6-9a59-ba6f8b95fcab,analyst,50,2024-07-22,
91,ed3b9b80-d4a3-475b-b0af-019df33040f1,qa,,2024-04-19,
91,b6dee060-e8b6-4b04-a3aa-40a283cbc3b3,dev_frontend,60,2025-10-27,
91,c09d50bd-0ca0-422d-b8d2-401343fb5a0d,qa,,2024-04-12,
92,e963abf7-e6fd-497d-9ff3-752d4b9a68b2,qa,50,2025-01-22,
93,f811441c-161c-4c5b-960c-d04f0a32f776,dev_backend,80,2024-01-18,
94,83b85698-3fd5-490d-a8d9-7987227f6e53,architect,80,2024-07-17,
95,40bd7fdf-a7aa-47b8-b718-90f1d187e7b8,dev_backend,50,2025-04-16,
95,a8cd9a8b-fda7-4976-847d-ef86880147f6,qa,80,2025-03-10,
95,f811441c-161c-4c5b-960c-d04f0a32f776,security,50,2024-01-18,
96,a70deba0-1b44-43f7-8afd-e66a2c6523dc,qa,60,2024-06-01,
96,55503441-59a3-4907-a70f-caf2a25a0a9a,pm,80,2024-07-18,
96,83b85698-3fd5-490d-a8d9-7987227f6e53,dev_backend,50,2024-07-17,
97,67dc1f4b-337c-47a9-a61d-52ae5738cbb4,dev_backend,40,2025-07-06,
98,90ce35d0-1f85-4bce-a8e2-c272bf22787d,architect,20,2025-06-14,
98,40bd7fdf-a7aa-47b8-b718-90f1d187e7b8,ml,80,2025-04-16,
99,cb9f980a-78d0-43cd-a51d-1db2e4b20feb,architect,20,2024-04-21,
100,83b85698-3fd5-490d-a8d9-7987227f6e53,pm,50,2024-07-17,
100,3aa248f1-8099-4909-9d04-e6804f839793,ml,50,2025-11-03,
101,c09d50bd-0ca0-422d-b8d2-401343fb5a0d,security,30,2024-04-12,
101,ed3b9b80-d4a3-475b-b0af-019df33040f1,ba,,2024-04-19,
101,f811441c-161c-4c5b-960c-d04f0a32f776,ml,60,2024-01-18,
102,8e272949-7499-4ffd-8215-9910943932c8,dev_backend,,2024-07-07,
102,35603545-7247-4c6b-9f94-4122d758a26c,architect,80,2025-07-09,
103,95717935-f9fb-408a-9fb7-3d7176618477,devops,30,2025-10-22,
103,8e272949-7499-4ffd-8215-9910943932c8,security,30,2024-07-07,
103,8df7fac8-3696-48e6-9a59-ba6f8b95fcab,ml,40,2024-07-22,
104,d7108aa8-ad2d-4787-8fb1-cbe12fa09eaa,qa,60,2025-02-12,
104,a8cd9a8b-fda7-4976-847d-ef86880147f6,architect,60,2025-03-10,
105,55503441-59a3-4907-a70f-caf2a25a0a9a,analyst,40,2024-07-18,
105,440e2cfe-cd3a-44e0-ba0b-717004150b24,dev_backend,50,2025-03-24,
106,4644c3dd-a7f5-4a00-bef0-0f2b90d85a65,dev_backend,,2025-11-19,
107,4d37d809-ada3-429e-b164-116d6a1c5117,analyst,,2024-10-25,
108,4644c3dd-a7f5-4a00-bef0-0f2b90d85a65,dev_backend,,2025-11-19,
108,83b85698-3fd5-490d-a8d9-7987227f6e53,pm,40,2024-07-17,
108,16758bd0-6dc6-4106-aeb0-f5fdfd1227f1,dev_backend,30,2025-12-01,
109,8df7fac8-3696-48e6-9a59-ba6f8b95fcab,ml,60,2024-07-22,
110,b6dee060-e8b6-4b04-a3aa-40a283cbc3b3,security,30,2025-10-27,
110,e963abf7-e6fd-497d-9ff3-752d4b9a68b2,security,60,2025-01-22,
111,f811441c-161c-4c5b-960c-d04f0a32f776,dev_frontend,80,2024-01-18,
112,55503441-59a3-4907-a70f-caf2a25a0a9a,qa,80,2024-07-18,
112,fb3de690-8752-49b8-ab5d-3917de804eb5,analyst,,2025-07-30,
113,40bd7fdf-a7aa-47b8-b718-90f1d187e7b8,dev_backend,,2025-04-16,
114,7ffb8305-4ce5-4b39-aa43-f938af632a3d,dev_frontend,40,2024-01-15,
115,fb3de690-8752-49b8-ab5d-3917de804eb5,dev_backend,50,2025-07-30,
116,8df7fac8-3696-48e6-9a59-ba6f8b95fcab,analyst,40,2024-07-22,
117,a6b043ef-a9b3-48bd-ac81-f295efd26116,analyst,80,2024-06-19,
118,95717935-f9fb-408a-9fb7-3d7176618477,ml,20,2025-10-22,
119,90ce35d0-1f85-4bce-a8e2-c272bf22787d,ba,50,2025-06-14,
119,a413a468-0545-4053-95a6-12f17bc0c824,dev_backend,80,2024-04-09,
120,d7108aa8-ad2d-4787-8fb1-cbe12fa09eaa,ba,,2025-02-12,
121,354eb07b-12c8-4ca7-ba14-3f1866256716,support,,2025-01-13,2025-02-27
122,4d37d809-ada3-429e-b164-116d6a1c5117,security,40,2024-10-25,
123,8e272949-7499-4ffd-8215-9910943932c8,ml,30,2024-07-07,
123,4d37d809-ada3-429e-b164-116d6a1c5117,analyst,80,2024-10-25,
124,7ffb8305-4ce5-4b39-aa43-f938af632a3d,ba,,2024-01-15,
124,16758bd0-6dc6-4106-aeb0-f5fdfd1227f1,pm,20,2025-12-01,
125,67dc1f4b-337c-47a9-a61d-52ae5738cbb4,devops,60,2025-07-06,
125,8df7fac8-3696-48e6-9a59-ba6f8b95fcab,ba,80,2024-07-22,
126,3aa248f1-8099-4909-9d04-e6804f839793,devops,60,2025-11-03,
126,f811441c-161c-4c5b-960c-d04f0a32f776,devops,40,2024-01-18,
126,90ce35d0-1f85-4bce-a8e2-c272bf22787d,ba,30,2025-06-14,
127,b6dee060-e8b6-4b04-a3aa-40a283cbc3b3,pm,20,2025-10-27,
128,a8cd9a8b-fda7-4976-847d-ef86880147f6,dev_frontend,,2025-03-10,
128,ed3b9b80-d4a3-475b-b0af-019df33040f1,ba,,2024-04-19,
129,db48c679-bd75-43e8-b043-c697bea2faaf,analyst,30,2025-08-09,
129,67dc1f4b-337c-47a9-a61d-52ae5738cbb4,analyst,,2025-07-06,
130,f811441c-161c-4c5b-960c-d04f0a32f776,pm,50,2024-01-18,
131,354eb07b-12c8-4ca7-ba14-3f1866256716,security,60,2025-01-13,2025-02-27
131,dd691571-8bf3-41f2-a729-9332ea5a54ec,analyst,20,2025-11-09,
132,e963abf7-e6fd-497d-9ff3-752d4b9a68b2,dev_backend,,2025-01-22,
132,dd691571-8bf3-41f2-a729-9332ea5a54ec,analyst,60,2025-11-09,
132,67dc1f4b-337c-47a9-a61d-52ae5738cbb4,dev_backend,,2025-07-06,
133,55503441-59a3-4907-a70f-caf2a25a0a9a,ba,30,2024-07-18,
133,dd691571-8bf3-41f2-a729-9332ea5a54ec,support,40,2025-11-09,
133,fb3de690-8752-49b8-ab5d-3917de804eb5,devops,40,2025-07-30,
134,d7108aa8-ad2d-4787-8fb1-cbe12fa09eaa,dev_backend,,2025-02-12,
134,7ffb8305-4ce5-4b39-aa43-f938af632a3d,support,20,2024-01-15,
134,48532cb1-1edd-4550-82a8-0e35d96e7ba0,qa,50,2024-01-23,
135,95717935-f9fb-408a-9fb7-3d7176618477,qa,,2025-10-22,
136,a70deba0-1b44-43f7-8afd-e66a2c6523dc,ml,50,2024-06-01,
137,a413a468-0545-4053-95a6-12f17bc0c824,dev_frontend,,2024-04-09,
138,214c841b-51fd-4ab0-9f1f-517943f17c5f,qa,40,2024-05-21,
138,c09d50bd-0ca0-422d-b8d2-401343fb5a0d,dev_frontend,20,2024-04-12,
139,e963abf7-e6fd-497d-9ff3-752d4b9a68b2,devops,20,2025-01-22,
139,f811441c-161c-4c5b-960c-d04f0a32f776,devops,50,2024-01-18,
140,f30a5e30-b630-4a59-b3e8-1fdf4ffa6703,support,30,2024-05-30,
140,40bd7fdf-a7aa-47b8-b718-90f1d187e7b8,dev_frontend,30,2025-04-16,
140,fb3de690-8752-49b8-ab5d-3917de804eb5,architect,,2025-07-30,
141,a6b043ef-a9b3-48bd-ac81-f295efd26116,ml,60,2024-06-19,
142,cb9f980a-78d0-43cd-a51d-1db2e4b20feb,ml,60,2024-04-21,
142,7ffb8305-4ce5-4b39-aa43-f938af632a3d,dev_frontend,,2024-01-15,
142,4d37d809-ada3-429e-b164-116d6a1c5117,ml,20,2024-10-25,
143,8e272949-7499-4ffd-8215-9910943932c8,dev_frontend,40,2024-07-07,
143,8df7fac8-3696-48e6-9a59-ba6f8b95fcab,dev_frontend,80,2024-07-22,
143,16758bd0-6dc6-4106-aeb0-f5fdfd1227f1,devops,50,2025-12-01,
144,e963abf7-e6fd-497d-9ff3-752d4b9a68b2,ml,,2025-01-22,
144,3aa248f1-8099-4909-9d04-e6804f839793,analyst,50,2025-11-03,
144,9d814464-7f57-44c8-8ae1-6c5a54691196,security,30,2025-07-11,
145,8e272949-7499-4ffd-8215-9910943932c8,security,20,2024-07-07,
145,9d814464-7f57-44c8-8ae1-6c5a54691196,analyst,,2025-07-11,
146,a6b043ef-a9b3-48bd-ac81-f295efd26116,devops,,2024-06-19,
146,a70deba0-1b44-43f7-8afd-e66a2c6523dc,dev_frontend,,2024-06-01,
147,8df7fac8-3696-48e6-9a59-ba6f8b95fcab,architect,30,2024-07-22,
147,16758bd0-6dc6-4106-aeb0-f5fdfd1227f1,dev_backend,50,2025-12-01,
148,4d37d809-ada3-429e-b164-116d6a1c5117,devops,80,2024-10-25,
149,8e272949-7499-4ffd-8215-9910943932c8,security,40,2024-07-07,
149,d7108aa8-ad2d-4787-8fb1-cbe12fa09eaa,ba,20,2025-02-12,
149,db48c679-bd75-43e8-b043-c697bea2faaf,pm,,2025-08-09,
150,db48c679-bd75-43e8-b043-c697bea2faaf,dev_backend,,2025-08-09,
151,db48c679-bd75-43e8-b043-c697bea2faaf,architect,50,2025-08-09,
151,b6dee060-e8b6-4b04-a3aa-40a283cbc3b3,support,80,2025-10-27,
151,67dc1f4b-337c-47a9-a61d-52ae5738cbb4,pm,80,2025-07-06,
152,b6dee060-e8b6-4b04-a3aa-40a283cbc3b3,qa,30,2025-10-27,
153,cb9f980a-78d0-43cd-a51d-1db2e4b20feb,dev_backend,50,2024-04-21,
153,f30a5e30-b630-4a59-b3e8-1fdf4ffa6703,qa,50,2024-05-30,
153,a70deba0-1b44-43f7-8afd-e66a2c6523dc,support,50,2024-06-01,
154,83b85698-3fd5-490d-a8d9-7987227f6e53,dev_backend,20,2024-07-17,
155,c09d50bd-0ca0-422d-b8d2-401343fb5a0d,ml,20,2024-04-12,
155,db48c679-bd75-43e8-b043-c697bea2faaf,pm,20,2025-08-09,
155,440e2cfe-cd3a-44e0-ba0b-717004150b24,dev_backend,80,2025-03-24,
156,e963abf7-e6fd-497d-9ff3-752d4b9a68b2,architect,50,2025-01-22,
157,8df7fac8-3696-48e6-9a59-ba6f8b95fcab,dev_frontend,80,2024-07-22,
157,67dc1f4b-337c-47a9-a61d-52ae5738cbb4,qa,80,2025-07-06,
158,214c841b-51fd-4ab0-9f1f-517943f17c5f,ml,40,2024-05-21,
159,354eb07b-12c8-4ca7-ba14-3f1866256716,ml,30,2025-01-13,2025-02-27
160,e963abf7-e6fd-497d-9ff3-752d4b9a68b2,pm,20,2025-01-22,
160,dd691571-8bf3-41f2-a729-9332ea5a54ec,architect,60,2025-11-09,
160,16758bd0-6dc6-4106-aeb0-f5fdfd1227f1,security,60,2025-12-01,
161,9d814464-7f57-44c8-8ae1-6c5a54691196,ba,60,2025-07-11,
162,cb9f980a-78d0-43cd-a51d-1db2e4b20feb,security,80,2024-04-21,
163,35603545-7247-4c6b-9f94-4122d758a26c,dev_frontend,80,2025-07-09,
163,67dc1f4b-337c-47a9-a61d-52ae5738cbb4,architect,80,2025-07-06,
163,8df7fac8-3696-48e6-9a59-ba6f8b95fcab,architect,80,2024-07-22,
164,90ce35d0-1f85-4bce-a8e2-c272bf22787d,dev_backend,20,2025-06-14,
164,9d814464-7f57-44c8-8ae1-6c5a54691196,dev_backend,30,2025-07-11,
165,55503441-59a3-4907-a70f-caf2a25a0a9a,dev_frontend,80,2024-07-18,
165,dd691571-8bf3-41f2-a729-9332ea5a54ec,dev_frontend,,2025-11-09,
166,f30a5e30-b630-4a59-b3e8-1fdf4ffa6703,pm,50,2024-05-30,
167,f30a5e30-b630-4a59-b3e8-1fdf4ffa6703,support,,2024-05-30,
167,dd691571-8bf3-41f2-a729-9332ea5a54ec,ml,50,2025-11-09,
168,d7108aa8-ad2d-4787-8fb1-cbe12fa09eaa,qa,40,2025-02-12,
168,b6dee060-e8b6-4b04-a3aa-40a283cbc3b3,architect,80,2025-10-27,
169,440e2cfe-cd3a-44e0-ba0b-717004150b24,analyst,40,2025-03-24,
170,40bd7fdf-a7aa-47b8-b718-90f1d187e7b8,qa,40,2025-04-16,
170,f811441c-161c-4c5b-960c-d04f0a32f776,architect,60,2024-01-18,
171,a70deba0-1b44-43f7-8afd-e66a2c6523dc,ba,20,2024-06-01,
171,f811441c-161c-4c5b-960c-d04f0a32f776,dev_backend,80,2024-01-18,
172,ed3b9b80-d4a3-475b-b0af-019df33040f1,security,50,2024-04-19,
172,35603545-7247-4c6b-9f94-4122d758a26c,ba,50,2025-07-09,
172,a413a468-0545-4053-95a6-12f17bc0c824,devops,30,2024-04-09,
173,4d37d809-ada3-429e-b164-116d6a1c5117,dev_frontend,,2024-10-25,
173,8df7fac8-3696-48e6-9a59-ba6f8b95fcab,ml,30,2024-07-22,
173,3aa248f1-8099-4909-9d04-e6804f839793,support,,2025-11-03,
174,83b85698-3fd5-490d-a8d9-7987227f6e53,architect,50,2024-07-17,
174,f811441c-161c-4c5b-960c-d04f0a32f776,support,80,2024-01-18,
175,7ffb8305-4ce5-4b39-aa43-f938af632a3d,analyst,,2024-01-15,
176,16758bd0-6dc6-4106-aeb0-f5fdfd1227f1,pm,60,2025-12-01,
176,354eb07b-12c8-4ca7-ba14-3f1866256716,qa,,2025-01-13,2025-02-27
176,ed3b9b80-d4a3-475b-b0af-019df33040f1,pm,,2024-04-19,
177,4644c3dd-a7f5-4a00-bef0-0f2b90d85a65,dev_backend,60,2025-11-19,
177,90ce35d0-1f85-4bce-a8e2-c272bf22787d,ml,80,2025-06-14,
178,a6b043ef-a9b3-48bd-ac81-f295efd26116,devops,40,2024-06-19,
179,35603545-7247-4c6b-9f94-4122d758a26c,pm,30,2025-07-09,
179,4644c3dd-a7f5-4a00-bef0-0f2b90d85a65,ba,30,2025-11-19,
179,a70deba0-1b44-43f7-8afd-e66a2c6523dc,analyst,20,2024-06-01,
180,db48c679-bd75-43e8-b043-c697bea2faaf,security,40,2025-08-09,
180,7ffb8305-4ce5-4b39-aa43-f938af632a3d,dev_backend,50,2024-01-15,
180,a6b043ef-a9b3-48bd-ac81-f295efd26116,dev_backend,30,2024-06-19,
181,9d814464-7f57-44c8-8ae1-6c5a54691196,analyst,50,2025-07-11,
182,f30a5e30-b630-4a59-b3e8-1fdf4ffa6703,analyst,80,2024-05-30,
183,f30a5e30-b630-4a59-b3e8-1fdf4ffa6703,analyst,50,2024-05-30,
183,354eb07b-12c8-4ca7-ba14-3f1866256716,dev_backend,20,2025-01-13,2025-02-27
183,83b85698-3fd5-490d-a8d9-7987227f6e53,devops,80,2024-07-17,
184,214c841b-51fd-4ab0-9f1f-517943f17c5f,support,40,2024-05-21,
185,ed3b9b80-d4a3-475b-b0af-019df33040f1,pm,60,2024-04-19,
185,b6dee060-e8b6-4b04-a3aa-40a283cbc3b3,dev_frontend,,2025-10-27,
185,e963abf7-e6fd-497d-9ff3-752d4b9a68b2,analyst,80,2025-01-22,
186,db48c679-bd75-43e8-b043-c697bea2faaf,devops,30,2025-08-09,
187,cb9f980a-78d0-43cd-a51d-1db2e4b20feb,pm,80,2024-04-21,
187,a6b043ef-a9b3-48bd-ac81-f295efd26116,dev_frontend,20,2024-06-19,
187,67dc1f4b-337c-47a9-a61d-52ae5738cbb4,ml,,2025-07-06,
188,67dc1f4b-337c-47a9-a61d-52ae5738cbb4,architect,50,2025-07-06,
188,48532cb1-1edd-4550-82a8-0e35d96e7ba0,devops,80,2024-01-23,
188,3aa248f1-8099-4909-9d04-e6804f839793,dev_frontend,30,2025-11-03,
189,90ce35d0-1f85-4bce-a8e2-c272bf22787d,pm,50,2025-06-14,
189,a6b043ef-a9b3-48bd-ac81-f295efd26116,ba,30,2024-06-19,
189,a70deba0-1b44-43f7-8afd-e66a2c6523dc,ml,20,2024-06-01,
190,a70deba0-1b44-43f7-8afd-e66a2c6523dc,qa,40,2024-06-01,
191,67dc1f4b-337c-47a9-a61d-52ae5738cbb4,ba,20,2025-07-06,
191,95717935-f9fb-408a-9fb7-3d7176618477,dev_frontend,40,2025-10-22,
191,dd691571-8bf3-41f2-a729-9332ea5a54ec,qa,40,2025-11-09,
192,b6dee060-e8b6-4b04-a3aa-40a283cbc3b3,qa,40,2025-10-27,
192,d7108aa8-ad2d-4787-8fb1-cbe12fa09eaa,architect,40,2025-02-12,
193,e963abf7-e6fd-497d-9ff3-752d4b9a68b2,ba,40,2025-01-22,
193,3aa248f1-8099-4909-9d04-e6804f839793,pm,60,2025-11-03,
194,35603545-7247-4c6b-9f94-4122d758a26c,security,40,2025-07-09,
195,90ce35d0-1f85-4bce-a8e2-c272bf22787d,analyst,60,2025-06-14,
195,ed3b9b80-d4a3-475b-b0af-019df33040f1,ml,,2024-04-19,
196,48532cb1-1edd-4550-82a8-0e35d96e7ba0,devops,80,2024-01-23,
196,4d37d809-ada3-429e-b164-116d6a1c5117,ba,50,2024-10-25,
196,cb9f980a-78d0-43cd-a51d-1db2e4b20feb,ml,40,2024-04-21,
197,4644c3dd-a7f5-4a00-bef0-0f2b90d85a65,pm,,2025-11-19,
198,214c841b-51fd-4ab0-9f1f-517943f17c5f,architect,,2024-05-21,
198,cb9f980a-78d0-43cd-a51d-1db2e4b20feb,ba,30,2024-04-21,
198,8df7fac8-3696-48e6-9a59-ba6f8b95fcab,devops,60,2024-07-22,
199,8df7fac8-3696-48e6-9a59-ba6f8b95fcab,ba,50,2024-07-22,
199,dd691571-8bf3-41f2-a729-9332ea5a54ec,security,80,2025-11-09,
200,9d814464-7f57-44c8-8ae1-6c5a54691196,ba,60,2025-07-11,
200,90ce35d0-1f85-4bce-a8e2-c272bf22787d,dev_backend,50,2025-06-14,
201,3aa248f1-8099-4909-9d04-e6804f839793,ml,30,2025-11-03,
202,95717935-f9fb-408a-9fb7-3d7176618477,pm,80,2025-10-22,
203,f30a5e30-b630-4a59-b3e8-1fdf4ffa6703,qa,20,2024-05-30,
203,e963abf7-e6fd-497d-9ff3-752d4b9a68b2,architect,40,2025-01-22,
204,95717935-f9fb-408a-9fb7-3d7176618477,dev_frontend,50,2025-10-22,
204,3aa248f1-8099-4909-9d04-e6804f839793,ml,80,2025-11-03,
204,8e272949-7499-4ffd-8215-9910943932c8,ba,60,2024-07-07,
205,c09d50bd-0ca0-422d-b8d2-401343fb5a0d,security,80,2024-04-12,
206,d7108aa8-ad2d-4787-8fb1-cbe12fa09eaa,dev_frontend,,2025-02-12,
207,a8cd9a8b-fda7-4976-847d-ef86880147f6,dev_backend,50,2025-03-10,
208,3aa248f1-8099-4909-9d04-e6804f839793,architect,50,2025-11-03,
209,c09d50bd-0ca0-422d-b8d2-401343fb5a0d,ml,30,2024-04-12,
209,8df7fac8-3696-48e6-9a59-ba6f8b95fcab,devops,80,2024-07-22,
209,8e272949-7499-4ffd-8215-9910943932c8,devops,30,2024-07-07,
210,a8cd9a8b-fda7-4976-847d-ef86880147f6,qa,60,2025-03-10,
210,a413a468-0545-4053-95a6-12f17bc0c824,architect,20,2024-04-09,
210,e963abf7-e6fd-497d-9ff3-752d4b9a68b2,ml,80,2025-01-22,
211,dd691571-8bf3-41f2-a729-9332ea5a54ec,devops,50,2025-11-09,
212,e963abf7-e6fd-497d-9ff3-752d4b9a68b2,pm,30,2025-01-22,
212,a6b043ef-a9b3-48bd-ac81-f295efd26116,devops,50,2024-06-19,
212,214c841b-51fd-4ab0-9f1f-517943f17c5f,dev_backend,80,2024-05-21,
213,354eb07b-12c8-4ca7-ba14-3f1866256716,ba,,2025-01-13,2025-02-27
213,db48c679-bd75-43e8-b043-c697bea2faaf,security,,2025-08-09,
214,4644c3dd-a7f5-4a00-bef0-0f2b90d85a65,ml,30,2025-11-19,
215,48532cb1-1edd-4550-82a8-0e35d96e7ba0,ml,,2024-01-23,
215,7ffb8305-4ce5-4b39-aa43-f938af632a3d,security,,2024-01-15,
215,f811441c-161c-4c5b-960c-d04f0a32f776,dev_frontend,30,2024-01-18,
216,cb9f980a-78d0-43cd-a51d-1db2e4b20feb,analyst,50,2024-04-21,
217,55503441-59a3-4907-a70f-caf2a25a0a9a,dev_backend,20,2024-07-18,
217,c09d50bd-0ca0-422d-b8d2-401343fb5a0d,support,60,2024-04-12,
217,35603545-7247-4c6b-9f94-4122d758a26c,analyst,80,2025-07-09,
218,354eb07b-12c8-4ca7-ba14-3f1866256716,devops,30,2025-01-13,2025-02-27
218,35603545-7247-4c6b-9f94-4122d758a26c,dev_backend,,2025-07-09,
218,214c841b-51fd-4ab0-9f1f-517943f17c5f,dev_backend,80,2024-05-21,
219,4d37d809-ada3-429e-b164-116d6a1c5117,security,50,2024-10-25,
220,e963abf7-e6fd-497d-9ff3-752d4b9a68b2,pm,50,2025-01-22,
221,8e272949-7499-4ffd-8215-9910943932c8,pm,60,2024-07-07,
221,16758bd0-6dc6-4106-aeb0-f5fdfd1227f1,ml,20,2025-12-01,
221,a6b043ef-a9b3-48bd-ac81-f295efd26116,security,50,2024-06-19,
222,cb9f980a-78d0-43cd-a51d-1db2e4b20feb,devops,80,2024-04-21,
222,354eb07b-12c8-4ca7-ba14-3f1866256716,ba,20,2025-01-13,2025-02-27
223,3aa248f1-8099-4909-9d04-e6804f839793,analyst,80,2025-11-03,
224,16758bd0-6dc6-4106-aeb0-f5fdfd1227f1,analyst,80,2025-12-01,
225,a413a468-0545-4053-95a6-12f17bc0c824,pm,,2024-04-09,
226,9d814464-7f57-44c8-8ae1-6c5a54691196,security,80,2025-07-11,
227,dd691571-8bf3-41f2-a729-9332ea5a54ec,analyst,40,2025-11-09,
227,8df7fac8-3696-48e6-9a59-ba6f8b95fcab,architect,60,2024-07-22,
227,9d814464-7f57-44c8-8ae1-6c5a54691196,support,,2025-07-11,
228,a8cd9a8b-fda7-4976-847d-ef86880147f6,devops,40,2025-03-10,
229,90ce35d0-1f85-4bce-a8e2-c272bf22787d,pm,30,2025-06-14,
229,dd691571-8bf3-41f2-a729-9332ea5a54ec,security,20,2025-11-09,
229,8e272949-7499-4ffd-8215-9910943932c8,analyst,30,2024-07-07,
230,c09d50bd-0ca0-422d-b8d2-401343fb5a0d,pm,30,2024-04-12,
230,214c841b-51fd-4ab0-9f1f-517943f17c5f,dev_backend,60,2024-05-21,
231,3aa248f1-8099-4909-9d04-e6804f839793,security,20,2025-11-03,
231,214c841b-51fd-4ab0-9f1f-517943f17c5f,devops,40,2024-05-21,
232,a70deba0-1b44-43f7-8afd-e66a2c6523dc,support,50,2024-06-01,
232,83b85698-3fd5-490d-a8d9-7987227f6e53,ba,80,2024-07-17,
233,b6dee060-e8b6-4b04-a3aa-40a283cbc3b3,dev_frontend,50,2025-10-27,
233,a8cd9a8b-fda7-4976-847d-ef86880147f6,pm,30,2025-03-10,
233,a70deba0-1b44-43f7-8afd-e66a2c6523dc,dev_frontend,,2024-06-01,
234,a6b043ef-a9b3-48bd-ac81-f295efd26116,qa,80,2024-06-19,
234,c09d50bd-0ca0-422d-b8d2-401343fb5a0d,qa,50,2024-04-12,
235,8df7fac8-3696-48e6-9a59-ba6f8b95fcab,ba,20,2024-07-22,
235,40bd7fdf-a7aa-47b8-b718-90f1d187e7b8,architect,20,2025-04-16,
235,440e2cfe-cd3a-44e0-ba0b-717004150b24,dev_frontend,20,2025-03-24,
236,354eb07b-12c8-4ca7-ba14-3f1866256716,ml,,2025-01-13,2025-02-27
236,40bd7fdf-a7aa-47b8-b718-90f1d187e7b8,analyst,50,2025-04-16,
237,a70deba0-1b44-43f7-8afd-e66a2c6523dc,dev_backend,60,2024-06-01,
237,48532cb1-1edd-4550-82a8-0e35d96e7ba0,architect,50,2024-01-23,
238,8e272949-7499-4ffd-8215-9910943932c8,analyst,20,2024-07-07,
238,440e2cfe-cd3a-44e0-ba0b-717004150b24,security,50,2025-03-24,
239,4d37d809-ada3-429e-b164-116d6a1c5117,architect,80,2024-10-25,
239,8e272949-7499-4ffd-8215-9910943932c8,ba,,2024-07-07,
239,440e2cfe-cd3a-44e0-ba0b-717004150b24,qa,30,2025-03-24,
240,90ce35d0-1f85-4bce-a8e2-c272bf22787d,architect,80,2025-06-14,
240,8df7fac8-3696-48e6-9a59-ba6f8b95fcab,devops,50,2024-07-22,
241,3aa248f1-8099-4909-9d04-e6804f839793,ba,,2025-11-03,
241,c09d50bd-0ca0-422d-b8d2-401343fb5a0d,architect,,2024-04-12,
241,f811441c-161c-4c5b-960c-d04f0a32f776,qa,30,2024-01-18,
242,f811441c-161c-4c5b-960c-d04f0a32f776,security,50,2024-01-18,
242,3aa248f1-8099-4909-9d04-e6804f839793,analyst,,2025-11-03,
243,ed3b9b80-d4a3-475b-b0af-019df33040f1,dev_frontend,30,2024-04-19,
244,83b85698-3fd5-490d-a8d9-7987227f6e53,dev_frontend,30,2024-07-17,
244,354eb07b-12c8-4ca7-ba14-3f1866256716,devops,,2025-01-13,2025-02-27
245,16758bd0-6dc6-4106-aeb0-f5fdfd1227f1,ba,30,2025-12-01,
246,fb3de690-8752-49b8-ab5d-3917de804eb5,qa,20,2025-07-30,
247,a6b043ef-a9b3-48bd-ac81-f295efd26116,qa,20,2024-06-19,
248,55503441-59a3-4907-a70f-caf2a25a0a9a,pm,,2024-07-18,
249,c09d50bd-0ca0-422d-b8d2-401343fb5a0d,dev_frontend,50,2024-04-12,
249,9d814464-7f57-44c8-8ae1-6c5a54691196,ml,60,2025-07-11,
250,fb3de690-8752-49b8-ab5d-3917de804eb5,pm,50,2025-07-30,
250,7ffb8305-4ce5-4b39-aa43-f938af632a3d,dev_backend,80,2024-01-15,
250,cb9f980a-78d0-43cd-a51d-1db2e4b20feb,security,30,2024-04-21,
251,b6dee060-e8b6-4b04-a3aa-40a283cbc3b3,ml,40,2025-10-27,
252,90ce35d0-1f85-4bce-a8e2-c272bf22787d,qa,80,2025-06-14,
253,4d37d809-ada3-429e-b164-116d6a1c5117,qa,60,2024-10-25,
253,9d814464-7f57-44c8-8ae1-6c5a54691196,devops,40,2025-07-11,
254,7ffb8305-4ce5-4b39-aa43-f938af632a3d,ba,40,2024-01-15,
254,a70deba0-1b44-43f7-8afd-e66a2c6523dc,analyst,80,2024-06-01,
254,4d37d809-ada3-429e-b164-116d6a1c5117,dev_frontend,,2024-10-25,
255,c09d50bd-0ca0-422d-b8d2-401343fb5a0d,qa,,2024-04-12,
255,ed3b9b80-d4a3-475b-b0af-019df33040f1,dev_backend,30,2024-04-19,
255,83b85698-3fd5-490d-a8d9-7987227f6e53,devops,60,2024-07-17,
256,354eb07b-12c8-4ca7-ba14-3f1866256716,ba,60,2025-01-13,2025-02-27
257,f30a5e30-b630-4a59-b3e8-1fdf4ffa6703,pm,50,2024-05-30,
257,e963abf7-e6fd-497d-9ff3-752d4b9a68b2,ml,40,2025-01-22,
257,3aa248f1-8099-4909-9d04-e6804f839793,ba,80,2025-11-03,
258,db48c679-bd75-43e8-b043-c697bea2faaf,dev_backend,30,2025-08-09,
258,55503441-59a3-4907-a70f-caf2a25a0a9a,analyst,50,2024-07-18,
259,d7108aa8-ad2d-4787-8fb1-cbe12fa09eaa,architect,80,2025-02-12,
259,67dc1f4b-337c-47a9-a61d-52ae5738cbb4,pm,80,2025-07-06,
260,35603545-7247-4c6b-9f94-4122d758a26c,dev_backend,50,2025-07-09,
260,4d37d809-ada3-429e-b164-116d6a1c5117,devops,,2024-10-25,
261,f811441c-161c-4c5b-960c-d04f0a32f776,devops,,2024-01-18,
262,440e2cfe-cd3a-44e0-ba0b-717004150b24,ml,40,2025-03-24,
262,83b85698-3fd5-490d-a8d9-7987227f6e53,security,30,2024-07-17,
263,354eb07b-12c8-4ca7-ba14-3f1866256716,qa,80,2025-01-13,2025-02-27
263,a8cd9a8b-fda7-4976-847d-ef86880147f6,security,40,2025-03-10,
263,fb3de690-8752-49b8-ab5d-3917de804eb5,support,60,2025-07-30,
264,40bd7fdf-a7aa-47b8-b718-90f1d187e7b8,dev_backend,,2025-04-16,
265,4d37d809-ada3-429e-b164-116d6a1c5117,dev_frontend,40,2024-10-25,
266,4644c3dd-a7f5-4a00-bef0-0f2b90d85a65,security,30,2025-11-19,
267,cb9f980a-78d0-43cd-a51d-1db2e4b20feb,devops,60,2024-04-21,
268,35603545-7247-4c6b-9f94-4122d758a26c,ml,60,2025-07-09,
268,ed3b9b80-d4a3-475b-b0af-019df33040f1,ba,60,2024-04-19,
268,a413a468-0545-4053-95a6-12f17bc0c824,analyst,50,2024-04-09,
269,4d37d809-ada3-429e-b164-116d6a1c5117,dev_frontend,60,2024-10-25,
270,a6b043ef-a9b3-48bd-ac81-f295efd26116,security,40,2024-06-19,
270,90ce35d0-1f85-4bce-a8e2-c272bf22787d,architect,80,2025-06-14,
271,354eb07b-12c8-4ca7-ba14-3f1866256716,devops,30,2025-01-13,2025-02-27
271,c09d50bd-0ca0-422d-b8d2-401343fb5a0d,support,40,2024-04-12,
271,35603545-7247-4c6b-9f94-4122d758a26c,pm,20,2025-07-09,
272,8df7fac8-3696-48e6-9a59-ba6f8b95fcab,devops,80,2024-07-22,
272,90ce35d0-1f85-4bce-a8e2-c272bf22787d,ml,20,2025-06-14,
272,95717935-f9fb-408a-9fb7-3d7176618477,dev_frontend,60,2025-10-22,
273,d7108aa8-ad2d-4787-8fb1-cbe12fa09eaa,devops,,2025-02-12,
273,95717935-f9fb-408a-9fb7-3d7176618477,analyst,60,2025-10-22,
274,fb3de690-8752-49b8-ab5d-3917de804eb5,analyst,80,2025-07-30,
274,a413a468-0545-4053-95a6-12f17bc0c824,architect,40,2024-04-09,
275,fb3de690-8752-49b8-ab5d-3917de804eb5,architect,20,2025-07-30,
275,3aa248f1-8099-4909-9d04-e6804f839793,qa,40,2025-11-03,
275,f811441c-161c-4c5b-960c-d04f0a32f776,support,30,2024-01-18,
276,f811441c-161c-4c5b-960c-d04f0a32f776,architect,50,2024-01-18,
276,9d814464-7f57-44c8-8ae1-6c5a54691196,pm,,2025-07-11,
276,c09d50bd-0ca0-422d-b8d2-401343fb5a0d,ml,40,2024-04-12,
277,67dc1f4b-337c-47a9-a61d-52ae5738cbb4,ba,,2025-07-06,
277,40bd7fdf-a7aa-47b8-b718-90f1d187e7b8,ml,80,2025-04-16,
277,f30a5e30-b630-4a59-b3e8-1fdf4ffa6703,pm,60,2024-05-30,
278,35603545-7247-4c6b-9f94-4122d758a26c,architect,50,2025-07-09,
278,83b85698-3fd5-490d-a8d9-7987227f6e53,devops,20,2024-07-17,
279,4d37d809-ada3-429e-b164-116d6a1c5117,security,30,2024-10-25,
280,440e2cfe-cd3a-44e0-ba0b-717004150b24,ml,40,2025-03-24,
281,4644c3dd-a7f5-4a00-bef0-0f2b90d85a65,ml,40,2025-11-19,
281,16758bd0-6dc6-4106-aeb0-f5fdfd1227f1,ba,60,2025-12-01,
281,7ffb8305-4ce5-4b39-aa43-f938af632a3d,dev_backend,30,2024-01-15,
282,354eb07b-12c8-4ca7-ba14-3f1866256716,analyst,20,2025-01-13,2025-02-27
283,95717935-f9fb-408a-9fb7-3d7176618477,dev_frontend,,2025-10-22,
283,35603545-7247-4c6b-9f94-4122d758a26c,pm,60,2025-07-09,
284,440e2cfe-cd3a-44e0-ba0b-717004150b24,ml,,2025-03-24,
284,35603545-7247-4c6b-9f94-4122d758a26c,support,40,2025-07-09,
284,214c841b-51fd-4ab0-9f1f-517943f17c5f,qa,40,2024-05-21,
285,dd691571-8bf3-41f2-a729-9332ea5a54ec,dev_frontend,20,2025-11-09,
286,cb9f980a-78d0-43cd-a51d-1db2e4b20feb,dev_backend,,2024-04-21,
286,f30a5e30-b630-4a59-b3e8-1fdf4ffa6703,dev_frontend,80,2024-05-30,
286,db48c679-bd75-43e8-b043-c697bea2faaf,dev_backend,50,2025-08-09,
287,f30a5e30-b630-4a59-b3e8-1fdf4ffa6703,analyst,80,2024-05-30,
287,440e2cfe-cd3a-44e0-ba0b-717004150b24,dev_backend,80,2025-03-24,
287,9d814464-7f57-44c8-8ae1-6c5a54691196,dev_frontend,60,2025-07-11,
288,7ffb8305-4ce5-4b39-aa43-f938af632a3d,pm,,2024-01-15,
288,8df7fac8-3696-48e6-9a59-ba6f8b95fcab,support,80,2024-07-22,
288,48532cb1-1edd-4550-82a8-0e35d96e7ba0,analyst,,2024-01-23,
289,f30a5e30-b630-4a59-b3e8-1fdf4ffa6703,ml,50,2024-05-30,
289,4644c3dd-a7f5-4a00-bef0-0f2b90d85a65,architect,20,2025-11-19,
289,214c841b-51fd-4ab0-9f1f-517943f17c5f,ba,80,2024-05-21,
290,83b85698-3fd5-490d-a8d9-7987227f6e53,pm,40,2024-07-17,
291,e963abf7-e6fd-497d-9ff3-752d4b9a68b2,ml,60,2025-01-22,
292,55503441-59a3-4907-a70f-caf2a25a0a9a,analyst,60,2024-07-18,
292,fb3de690-8752-49b8-ab5d-3917de804eb5,dev_frontend,80,2025-07-30,
292,40bd7fdf-a7aa-47b8-b718-90f1d187e7b8,dev_frontend,80,2025-04-16,
293,40bd7fdf-a7aa-47b8-b718-90f1d187e7b8,analyst,60,2025-04-16,
293,ed3b9b80-d4a3-475b-b0af-019df33040f1,security,,2024-04-19,
293,f30a5e30-b630-4a59-b3e8-1fdf4ffa6703,security,50,2024-05-30,
294,3aa248f1-8099-4909-9d04-e6804f839793,dev_frontend,30,2025-11-03,
294,9d814464-7f57-44c8-8ae1-6c5a54691196,ml,30,2025-07-11,
294,fb3de690-8752-49b8-ab5d-3917de804eb5,dev_backend,20,2025-07-30,
295,b6dee060-e8b6-4b04-a3aa-40a283cbc3b3,devops,50,2025-10-27,
295,90ce35d0-1f85-4bce-a8e2-c272bf22787d,dev_frontend,60,2025-06-14,
296,440e2cfe-cd3a-44e0-ba0b-717004150b24,architect,20,2025-03-24,
296,dd691571-8bf3-41f2-a729-9332ea5a54ec,security,80,2025-11-09,
297,67dc1f4b-337c-47a9-a61d-52ae5738cbb4,ba,30,2025-07-06,
298,d7108aa8-ad2d-4787-8fb1-cbe12fa09eaa,pm,60,2025-02-12,
298,83b85698-3fd5-490d-a8d9-7987227f6e53,qa,50,2024-07-17,
298,ed3b9b80-d4a3-475b-b0af-019df33040f1,support,50,2024-04-19,
299,48532cb1-1edd-4550-82a8-0e35d96e7ba0,pm,80,2024-01-23,
300,9d814464-7f57-44c8-8ae1-6c5a54691196,support,20,2025-07-11,
300,db48c679-bd75-43e8-b043-c697bea2faaf,devops,,2025-08-09,
300,214c841b-51fd-4ab0-9f1f-517943f17c5f,ml,30,2024-05-21,
301,8df7fac8-3696-48e6-9a59-ba6f8b95fcab,pm,20,2024-07-22,
301,90ce35d0-1f85-4bce-a8e2-c272bf22787d,qa,30,2025-06-14,
302,d7108aa8-ad2d-4787-8fb1-cbe12fa09eaa,ml,80,2025-02-12,
302,dd691571-8bf3-41f2-a729-9332ea5a54ec,security,30,2025-11-09,
303,214c841b-51fd-4ab0-9f1f-517943f17c5f,qa,60,2024-05-21,
304,d7108aa8-ad2d-4787-8fb1-cbe12fa09eaa,dev_frontend,20,2025-02-12,
304,e963abf7-e6fd-497d-9ff3-752d4b9a68b2,dev_frontend,20,2025-01-22,
304,67dc1f4b-337c-47a9-a61d-52ae5738cbb4,pm,80,2025-07-06,
305,16758bd0-6dc6-4106-aeb0-f5fdfd1227f1,architect,50,2025-12-01,
305,cb9f980a-78d0-43cd-a51d-1db2e4b20feb,pm,30,2024-04-21,
305,8e272949-7499-4ffd-8215-9910943932c8,support,20,2024-07-07,
306,8df7fac8-3696-48e6-9a59-ba6f8b95fcab,qa,20,2024-07-22,
306,40bd7fdf-a7aa-47b8-b718-90f1d187e7b8,ba,40,2025-04-16,
307,83b85698-3fd5-490d-a8d9-7987227f6e53,ml,20,2024-07-17,
308,83b85698-3fd5-490d-a8d9-7987227f6e53,devops,80,2024-07-17,
308,b6dee060-e8b6-4b04-a3aa-40a283cbc3b3,devops,50,2025-10-27,
308,67dc1f4b-337c-47a9-a61d-52ae5738cbb4,dev_frontend,40,2025-07-06,
309,55503441-59a3-4907-a70f-caf2a25a0a9a,qa,40,2024-07-18,
309,16758bd0-6dc6-4106-aeb0-f5fdfd1227f1,pm,20,2025-12-01,
310,a8cd9a8b-fda7-4976-847d-ef86880147f6,dev_backend,30,2025-03-10,
311,db48c679-bd75-43e8-b043-c697bea2faaf,qa,30,2025-08-09,
311,a8cd9a8b-fda7-4976-847d-ef86880147f6,support,80,2025-03-10,
311,ed3b9b80-d4a3-475b-b0af-019df33040f1,analyst,30,2024-04-19,
312,db48c679-bd75-43e8-b043-c697bea2faaf,ml,,2025-08-09,
313,f30a5e30-b630-4a59-b3e8-1fdf4ffa6703,pm,20,2024-05-30,
314,95717935-f9fb-408a-9fb7-3d7176618477,dev_frontend,50,2025-10-22,
314,7ffb8305-4ce5-4b39-aa43-f938af632a3d,dev_frontend,20,2024-01-15,
315,440e2cfe-cd3a-44e0-ba0b-717004150b24,ba,40,2025-03-24,
315,90ce35d0-1f85-4bce-a8e2-c272bf22787d,pm,,2025-06-14,
316,a6b043ef-a9b3-48bd-ac81-f295efd26116,pm,,2024-06-19,
316,48532cb1-1edd-4550-82a8-0e35d96e7ba0,dev_frontend,,2024-01-23,
316,16758bd0-6dc6-4106-aeb0-f5fdfd1227f1,analyst,80,2025-12-01,
317,a6b043ef-a9b3-48bd-ac81-f295efd26116,support,40,2024-06-19,
317,ed3b9b80-d4a3-475b-b0af-019df33040f1,analyst,30,2024-04-19,
317,95717935-f9fb-408a-9fb7-3d7176618477,ba,,2025-10-22,
318,48532cb1-1edd-4550-82a8-0e35d96e7ba0,security,60,2024-01-23,
318,a8cd9a8b-fda7-4976-847d-ef86880147f6,devops,20,2025-03-10,
318,8e272949-7499-4ffd-8215-9910943932c8,pm,30,2024-07-07,
319,8df7fac8-3696-48e6-9a59-ba6f8b95fcab,qa,,2024-07-22,
319,214c841b-51fd-4ab0-9f1f-517943f17c5f,devops,40,2024-05-21,
320,e963abf7-e6fd-497d-9ff3-752d4b9a68b2,analyst,60,2025-01-22,
320,83b85698-3fd5-490d-a8d9-7987227f6e53,architect,50,2024-07-17,
321,214c841b-51fd-4ab0-9f1f-517943f17c5f,security,30,2024-05-21,
322,4d37d809-ada3-429e-b164-116d6a1c5117,devops,60,2024-10-25,
322,e963abf7-e6fd-497d-9ff3-752d4b9a68b2,support,60,2025-01-22,
323,4644c3dd-a7f5-4a00-bef0-0f2b90d85a65,security,,2025-11-19,
323,95717935-f9fb-408a-9fb7-3d7176618477,qa,20,2025-10-22,
324,8e272949-7499-4ffd-8215-9910943932c8,ml,,2024-07-07,
325,db48c679-bd75-43e8-b043-c697bea2faaf,qa,80,2025-08-09,
325,40bd7fdf-a7aa-47b8-b718-90f1d187e7b8,dev_backend,60,2025-04-16,
326,440e2cfe-cd3a-44e0-ba0b-717004150b24,dev_frontend,20,2025-03-24,
327,4644c3dd-a7f5-4a00-bef0-0f2b90d85a65,dev_frontend,80,2025-11-19,
328,c09d50bd-0ca0-422d-b8d2-401343fb5a0d,pm,50,2024-04-12,
328,fb3de690-8752-49b8-ab5d-3917de804eb5,qa,60,2025-07-30,
329,4d37d809-ada3-429e-b164-116d6a1c5117,analyst,30,2024-10-25,
330,8e272949-7499-4ffd-8215-9910943932c8,pm,40,2024-07-07,
331,4644c3dd-a7f5-4a00-bef0-0f2b90d85a65,ba,50,2025-11-19,
332,a8cd9a8b-fda7-4976-847d-ef86880147f6,analyst,30,2025-03-10,
332,55503441-59a3-4907-a70f-caf2a25a0a9a,architect,50,2024-07-18,
333,48532cb1-1edd-4550-82a8-0e35d96e7ba0,ba,40,2024-01-23,
334,4644c3dd-a7f5-4a00-bef0-0f2b90d85a65,support,50,2025-11-19,
334,40bd7fdf-a7aa-47b8-b718-90f1d187e7b8,pm,40,2025-04-16,
334,a6b043ef-a9b3-48bd-ac81-f295efd26116,support,30,2024-06-19,
335,ed3b9b80-d4a3-475b-b0af-019df33040f1,qa,40,2024-04-19,
335,fb3de690-8752-49b8-ab5d-3917de804eb5,pm,40,2025-07-30,
336,83b85698-3fd5-490d-a8d9-7987227f6e53,devops,40,2024-07-17,
336,dd691571-8bf3-41f2-a729-9332ea5a54ec,devops,50,2025-11-09,
337,a413a468-0545-4053-95a6-12f17bc0c824,architect,,2024-04-09,
338,440e2cfe-cd3a-44e0-ba0b-717004150b24,architect,50,2025-03-24,
338,db48c679-bd75-43e8-b043-c697bea2faaf,pm,60,2025-08-09,
338,55503441-59a3-4907-a70f-caf2a25a0a9a,devops,80,2024-07-18,
339,c09d50bd-0ca0-422d-b8d2-401343fb5a0d,architect,50,2024-04-12,
339,83b85698-3fd5-490d-a8d9-7987227f6e53,qa,80,2024-07-17,
340,c09d50bd-0ca0-422d-b8d2-401343fb5a0d,ba,60,2024-04-12,
341,55503441-59a3-4907-a70f-caf2a25a0a9a,analyst,80,2024-07-18,
341,3aa248f1-8099-4909-9d04-e6804f839793,pm,20,2025-11-03,
341,8e272949-7499-4ffd-8215-9910943932c8,architect,20,2024-07-07,
342,4644c3dd-a7f5-4a00-bef0-0f2b90d85a65,pm,30,2025-11-19,
343,e963abf7-e6fd-497d-9ff3-752d4b9a68b2,architect,,2025-01-22,
344,c09d50bd-0ca0-422d-b8d2-401343fb5a0d,dev_backend,20,2024-04-12,
344,a70deba0-1b44-43f7-8afd-e66a2c6523dc,dev_frontend,20,2024-06-01,
345,f30a5e30-b630-4a59-b3e8-1fdf4ffa6703,dev_backend,30,2024-05-30,
345,16758bd0-6dc6-4106-aeb0-f5fdfd1227f1,architect,50,2025-12-01,
345,a70deba0-1b44-43f7-8afd-e66a2c6523dc,security,80,2024-06-01,
346,cb9f980a-78d0-43cd-a51d-1db2e4b20feb,security,40,2024-04-21,
347,db48c679-bd75-43e8-b043-c697bea2faaf,dev_backend,,2025-08-09,
347,9d814464-7f57-44c8-8ae1-6c5a54691196,ml,30,2025-07-11,
348,ed3b9b80-d4a3-475b-b0af-019df33040f1,dev_backend,50,2024-04-19,
348,b6dee060-e8b6-4b04-a3aa-40a283cbc3b3,ba,40,2025-10-27,
348,f811441c-161c-4c5b-960c-d04f0a32f776,analyst,20,2024-01-18,
349,35603545-7247-4c6b-9f94-4122d758a26c,dev_frontend,50,2025-07-09,
350,214c841b-51fd-4ab0-9f1f-517943f17c5f,security,40,2024-05-21,
351,ed3b9b80-d4a3-475b-b0af-019df33040f1,architect,20,2024-04-19,
352,a413a468-0545-4053-95a6-12f17bc0c824,architect,,2024-04-09,
352,83b85698-3fd5-490d-a8d9-7987227f6e53,ml,60,2024-07-17,
353,3aa248f1-8099-4909-9d04-e6804f839793,analyst,20,2025-11-03,
353,e963abf7-e6fd-497d-9ff3-752d4b9a68b2,qa,,2025-01-22,
353,95717935-f9fb-408a-9fb7-3d7176618477,qa,80,2025-10-22,
354,9d814464-7f57-44c8-8ae1-6c5a54691196,qa,80,2025-07-11,
355,3aa248f1-8099-4909-9d04-e6804f839793,security,50,2025-11-03,
355,16758bd0-6dc6-4106-aeb0-f5fdfd1227f1,dev_frontend,60,2025-12-01,
356,c09d50bd-0ca0-422d-b8d2-401343fb5a0d,security,50,2024-04-12,
356,fb3de690-8752-49b8-ab5d-3917de804eb5,qa,40,2025-07-30,
357,8e272949-7499-4ffd-8215-9910943932c8,dev_backend,,2024-07-07,
357,90ce35d0-1f85-4bce-a8e2-c272bf22787d,ml,50,2025-06-14,
357,a8cd9a8b-fda7-4976-847d-ef86880147f6,ml,,2025-03-10,
358,67dc1f4b-337c-47a9-a61d-52ae5738cbb4,support,20,2025-07-06,
358,ed3b9b80-d4a3-475b-b0af-019df33040f1,qa,80,2024-04-19,
358,3aa248f1-8099-4909-9d04-e6804f839793,pm,20,2025-11-03,
359,f30a5e30-b630-4a59-b3e8-1fdf4ffa6703,devops,50,2024-05-30,
359,48532cb1-1edd-4550-82a8-0e35d96e7ba0,analyst,60,2024-01-23,
360,67dc1f4b-337c-47a9-a61d-52ae5738cbb4,pm,20,2025-07-06,
361,ed3b9b80-d4a3-475b-b0af-019df33040f1,architect,80,2024-04-19,
361,83b85698-3fd5-490d-a8d9-7987227f6e53,ba,20,2024-07-17,
362,35603545-7247-4c6b-9f94-4122d758a26c,pm,60,2025-07-09,
362,f811441c-161c-4c5b-960c-d04f0a32f776,security,40,2024-01-18,
362,a413a468-0545-4053-95a6-12f17bc0c824,security,20,2024-04-09,
363,8df7fac8-3696-48e6-9a59-ba6f8b95fcab,devops,80,2024-07-22,
363,cb9f980a-78d0-43cd-a51d-1db2e4b20feb,devops,,2024-04-21,
364,a413a468-0545-4053-95a6-12f17bc0c824,dev_frontend,,2024-04-09,
365,48532cb1-1edd-4550-82a8-0e35d96e7ba0,dev_frontend,50,2024-01-23,
365,a413a468-0545-4053-95a6-12f17bc0c824,dev_frontend,50,2024-04-09,
366,b6dee060-e8b6-4b04-a3aa-40a283cbc3b3,analyst,50,2025-10-27,
367,354eb07b-12c8-4ca7-ba14-3f1866256716,qa,,2025-01-13,2025-02-27
367,40bd7fdf-a7aa-47b8-b718-90f1d187e7b8,architect,60,2025-04-16,
368,354eb07b-12c8-4ca7-ba14-3f1866256716,dev_frontend,80,2025-01-13,2025-02-27
368,a413a468-0545-4053-95a6-12f17bc0c824,support,80,2024-04-09,
368,a6b043ef-a9b3-48bd-ac81-f295efd26116,qa,50,2024-06-19,
369,dd691571-8bf3-41f2-a729-9332ea5a54ec,dev_frontend,50,2025-11-09,
369,4d37d809-ada3-429e-b164-116d6a1c5117,support,30,2024-10-25,
370,3aa248f1-8099-4909-9d04-e6804f839793,devops,40,2025-11-03,
370,4644c3dd-a7f5-4a00-bef0-0f2b90d85a65,support,50,2025-11-19,
371,4644c3dd-a7f5-4a00-bef0-0f2b90d85a65,ba,50,2025-11-19,
371,8df7fac8-3696-48e6-9a59-ba6f8b95fcab,security,50,2024-07-22,
371,440e2cfe-cd3a-44e0-ba0b-717004150b24,dev_backend,40,2025-03-24,
372,a70deba0-1b44-43f7-8afd-e66a2c6523dc,dev_backend,60,2024-06-01,
373,67dc1f4b-337c-47a9-a61d-52ae5738cbb4,pm,80,2025-07-06,
374,e963abf7-e6fd-497d-9ff3-752d4b9a68b2,qa,30,2025-01-22,
375,354eb07b-12c8-4ca7-ba14-3f1866256716,devops,40,2025-01-13,2025-02-27
375,3aa248f1-8099-4909-9d04-e6804f839793,ba,,2025-11-03,
375,48532cb1-1edd-4550-82a8-0e35d96e7ba0,dev_backend,80,2024-01-23,
376,4d37d809-ada3-429e-b164-116d6a1c5117,dev_backend,80,2024-10-25,
376,8e272949-7499-4ffd-8215-9910943932c8,qa,40,2024-07-07,
376,a70deba0-1b44-43f7-8afd-e66a2c6523dc,security,30,2024-06-01,
377,95717935-f9fb-408a-9fb7-3d7176618477,ba,60,2025-10-22,
378,4d37d809-ada3-429e-b164-116d6a1c5117,devops,60,2024-10-25,
378,83b85698-3fd5-490d-a8d9-7987227f6e53,devops,30,2024-07-17,
379,db48c679-bd75-43e8-b043-c697bea2faaf,qa,50,2025-08-09,
380,35603545-7247-4c6b-9f94-4122d758a26c,ml,60,2025-07-09,
381,8df7fac8-3696-48e6-9a59-ba6f8b95fcab,ba,,2024-07-22,
381,4d37d809-ada3-429e-b164-116d6a1c5117,pm,40,2024-10-25,
381,d7108aa8-ad2d-4787-8fb1-cbe12fa09eaa,analyst,30,2025-02-12,
382,4d37d809-ada3-429e-b164-116d6a1c5117,ml,40,2024-10-25,
382,f811441c-161c-4c5b-960c-d04f0a32f776,dev_backend,20,2024-01-18,
382,214c841b-51fd-4ab0-9f1f-517943f17c5f,ml,30,2024-05-21,
383,f811441c-161c-4c5b-960c-d04f0a32f776,devops,,2024-01-18,
383,16758bd0-6dc6-4106-aeb0-f5fdfd1227f1,support,80,2025-12-01,
383,3aa248f1-8099-4909-9d04-e6804f839793,qa,80,2025-11-03,
384,db48c679-bd75-43e8-b043-c697bea2faaf,qa,60,2025-08-09,
384,9d814464-7f57-44c8-8ae1-6c5a54691196,support,,2025-07-11,
384,8df7fac8-3696-48e6-9a59-ba6f8b95fcab,ml,20,2024-07-22,
385,c09d50bd-0ca0-422d-b8d2-401343fb5a0d,ba,40,2024-04-12,
385,35603545-7247-4c6b-9f94-4122d758a26c,security,60,2025-07-09,
385,b6dee060-e8b6-4b04-a3aa-40a283cbc3b3,security,,2025-10-27,
386,35603545-7247-4c6b-9f94-4122d758a26c,architect,20,2025-07-09,
386,83b85698-3fd5-490d-a8d9-7987227f6e53,ba,30,2024-07-17,
386,40bd7fdf-a7aa-47b8-b718-90f1d187e7b8,dev_frontend,60,2025-04-16,
387,40bd7fdf-a7aa-47b8-b718-90f1d187e7b8,support,20,2025-04-16,
387,440e2cfe-cd3a-44e0-ba0b-717004150b24,architect,80,2025-03-24,
387,e963abf7-e6fd-497d-9ff3-752d4b9a68b2,ml,80,2025-01-22,
388,40bd7fdf-a7aa-47b8-b718-90f1d187e7b8,devops,,2025-04-16,
388,dd691571-8bf3-41f2-a729-9332ea5a54ec,security,,2025-11-09,
388,55503441-59a3-4907-a70f-caf2a25a0a9a,pm,60,2024-07-18,
389,214c841b-51fd-4ab0-9f1f-517943f17c5f,ba,,2024-05-21,
389,a70deba0-1b44-43f7-8afd-e66a2c6523dc,pm,20,2024-06-01,
389,ed3b9b80-d4a3-475b-b0af-019df33040f1,security,80,2024-04-19,
390,95717935-f9fb-408a-9fb7-3d7176618477,security,80,2025-10-22,
390,4d37d809-ada3-429e-b164-116d6a1c5117,architect,60,2024-10-25,
391,16758bd0-6dc6-4106-aeb0-f5fdfd1227f1,dev_frontend,20,2025-12-01,
392,f811441c-161c-4c5b-960c-d04f0a32f776,support,,2024-01-18,
393,cb9f980a-78d0-43cd-a51d-1db2e4b20feb,devops,,2024-04-21,
393,c09d50bd-0ca0-422d-b8d2-401343fb5a0d,ml,20,2024-04-12,
394,db48c679-bd75-43e8-b043-c697bea2faaf,devops,80,2025-08-09,
394,a6b043ef-a9b3-48bd-ac81-f295efd26116,dev_backend,40,2024-06-19,
394,440e2cfe-cd3a-44e0-ba0b-717004150b24,security,50,2025-03-24,
395,9d814464-7f57-44c8-8ae1-6c5a54691196,ba,30,2025-07-11,
395,16758bd0-6dc6-4106-aeb0-f5fdfd1227f1,security,50,2025-12-01,
395,dd691571-8bf3-41f2-a729-9332ea5a54ec,ba,20,2025-11-09,
396,8e272949-7499-4ffd-8215-9910943932c8,support,80,2024-07-07,
397,e963abf7-e6fd-497d-9ff3-752d4b9a68b2,ba,40,2025-01-22,
397,cb9f980a-78d0-43cd-a51d-1db2e4b20feb,analyst,40,2024-04-21,
398,f30a5e30-b630-4a59-b3e8-1fdf4ffa6703,devops,,2024-05-30,
399,214c841b-51fd-4ab0-9f1f-517943f17c5f,pm,,2024-05-21,
400,b6dee060-e8b6-4b04-a3aa-40a283cbc3b3,pm,60,2025-10-27,
401,7ffb8305-4ce5-4b39-aa43-f938af632a3d,support,50,2024-01-15,
402,db48c679-bd75-43e8-b043-c697bea2faaf,qa,40,2025-08-09,
403,16758bd0-6dc6-4106-aeb0-f5fdfd1227f1,dev_frontend,60,2025-12-01,
403,e963abf7-e6fd-497d-9ff3-752d4b9a68b2,dev_frontend,30,2025-01-22,
403,a6b043ef-a9b3-48bd-ac81-f295efd26116,support,50,2024-06-19,
404,35603545-7247-4c6b-9f94-4122d758a26c,pm,20,2025-07-09,
405,f30a5e30-b630-4a59-b3e8-1fdf4ffa6703,analyst,50,2024-05-30,
406,8e272949-7499-4ffd-8215-9910943932c8,support,30,2024-07-07,
407,35603545-7247-4c6b-9f94-4122d758a26c,devops,60,2025-07-09,
407,4644c3dd-a7f5-4a00-bef0-0f2b90d85a65,qa,30,2025-11-19,
408,f811441c-161c-4c5b-960c-d04f0a32f776,pm,30,2024-01-18,
408,f30a5e30-b630-4a59-b3e8-1fdf4ffa6703,support,60,2024-05-30,
409,35603545-7247-4c6b-9f94-4122d758a26c,architect,20,2025-07-09,
410,90ce35d0-1f85-4bce-a8e2-c272bf22787d,devops,60,2025-06-14,
411,35603545-7247-4c6b-9f94-4122d758a26c,dev_frontend,50,2025-07-09,
411,40bd7fdf-a7aa-47b8-b718-90f1d187e7b8,devops,80,2025-04-16,
411,a413a468-0545-4053-95a6-12f17bc0c824,architect,30,2024-04-09,
412,7ffb8305-4ce5-4b39-aa43-f938af632a3d,ml,50,2024-01-15,
412,c09d50bd-0ca0-422d-b8d2-401343fb5a0d,devops,20,2024-04-12,
412,cb9f980a-78d0-43cd-a51d-1db2e4b20feb,dev_frontend,,2024-04-21,
413,55503441-59a3-4907-a70f-caf2a25a0a9a,ba,40,2024-07-18,
413,e963abf7-e6fd-497d-9ff3-752d4b9a68b2,dev_backend,60,2025-01-22,
413,90ce35d0-1f85-4bce-a8e2-c272bf22787d,qa,60,2025-06-14,
414,16758bd0-6dc6-4106-aeb0-f5fdfd1227f1,dev_frontend,50,2025-12-01,
414,90ce35d0-1f85-4bce-a8e2-c272bf22787d,qa,80,2025-06-14,
415,f30a5e30-b630-4a59-b3e8-1fdf4ffa6703,architect,,2024-05-30,
415,a6b043ef-a9b3-48bd-ac81-f295efd26116,devops,60,2024-06-19,
416,a413a468-0545-4053-95a6-12f17bc0c824,security,,2024-04-09,
416,4644c3dd-a7f5-4a00-bef0-0f2b90d85a65,ml,20,2025-11-19,
417,fb3de690-8752-49b8-ab5d-3917de804eb5,support,,2025-07-30,
418,16758bd0-6dc6-4106-aeb0-f5fdfd1227f1,dev_backend,50,2025-12-01,
418,ed3b9b80-d4a3-475b-b0af-019df33040f1,ba,20,2024-04-19,
419,f811441c-161c-4c5b-960c-d04f0a32f776,architect,,2024-01-18,
420,f811441c-161c-4c5b-960c-d04f0a32f776,dev_frontend,50,2024-01-18,
421,3aa248f1-8099-4909-9d04-e6804f839793,devops,20,2025-11-03,
421,48532cb1-1edd-4550-82a8-0e35d96e7ba0,analyst,20,2024-01-23,
422,8df7fac8-3696-48e6-9a59-ba6f8b95fcab,support,30,2024-07-22,
422,f30a5e30-b630-4a59-b3e8-1fdf4ffa6703,pm,60,2024-05-30,
422,9d814464-7f57-44c8-8ae1-6c5a54691196,devops,80,2025-07-11,
423,cb9f980a-78d0-43cd-a51d-1db2e4b20feb,ba,,2024-04-21,
423,83b85698-3fd5-490d-a8d9-7987227f6e53,devops,,2024-07-17,
423,dd691571-8bf3-41f2-a729-9332ea5a54ec,security,,2025-11-09,
424,d7108aa8-ad2d-4787-8fb1-cbe12fa09eaa,qa,80,2025-02-12,
424,ed3b9b80-d4a3-475b-b0af-019df33040f1,ml,50,2024-04-19,
424,e963abf7-e6fd-497d-9ff3-752d4b9a68b2,ba,50,2025-01-22,
425,db48c679-bd75-43e8-b043-c697bea2faaf,dev_frontend,20,2025-08-09,
426,f811441c-161c-4c5b-960c-d04f0a32f776,ba,50,2024-01-18,
426,7ffb8305-4ce5-4b39-aa43-f938af632a3d,support,80,2024-01-15,
427,fb3de690-8752-49b8-ab5d-3917de804eb5,support,,2025-07-30,
427,354eb07b-12c8-4ca7-ba14-3f1866256716,qa,40,2025-01-13,2025-02-27
427,9d814464-7f57-44c8-8ae1-6c5a54691196,dev_frontend,50,2025-07-11,
428,67dc1f4b-337c-47a9-a61d-52ae5738cbb4,architect,,2025-07-06,
428,a6b043ef-a9b3-48bd-ac81-f295efd26116,ml,,2024-06-19,
429,a8cd9a8b-fda7-4976-847d-ef86880147f6,architect,60,2025-03-10,
429,67dc1f4b-337c-47a9-a61d-52ae5738cbb4,pm,40,2025-07-06,
430,90ce35d0-1f85-4bce-a8e2-c272bf22787d,analyst,50,2025-06-14,
430,4644c3dd-a7f5-4a00-bef0-0f2b90d85a65,security,30,2025-11-19,
431,67dc1f4b-337c-47a9-a61d-52ae5738cbb4,dev_backend,,2025-07-06,
432,7ffb8305-4ce5-4b39-aa43-f938af632a3d,ml,20,2024-01-15,
432,67dc1f4b-337c-47a9-a61d-52ae5738cbb4,ba,,2025-07-06,
432,16758bd0-6dc6-4106-aeb0-f5fdfd1227f1,dev_frontend,60,2025-12-01,
433,354eb07b-12c8-4ca7-ba14-3f1866256716,dev_frontend,30,2025-01-13,2025-02-27
433,a70deba0-1b44-43f7-8afd-e66a2c6523dc,devops,,2024-06-01,
433,48532cb1-1edd-4550-82a8-0e35d96e7ba0,ml,20,2024-01-23,
434,48532cb1-1edd-4550-82a8-0e35d96e7ba0,analyst,,2024-01-23,
434,f30a5e30-b630-4a59-b3e8-1fdf4ffa6703,pm,40,2024-05-30,
435,a70deba0-1b44-43f7-8afd-e66a2c6523dc,ml,50,2024-06-01,
436,f811441c-161c-4c5b-960c-d04f0a32f776,dev_backend,30,2024-01-18,
436,d7108aa8-ad2d-4787-8fb1-cbe12fa09eaa,ba,50,2025-02-12,
437,dd691571-8bf3-41f2-a729-9332ea5a54ec,architect,,2025-11-09,
438,7ffb8305-4ce5-4b39-aa43-f938af632a3d,ba,20,2024-01-15,
438,cb9f980a-78d0-43cd-a51d-1db2e4b20feb,dev_backend,20,2024-04-21,
438,a8cd9a8b-fda7-4976-847d-ef86880147f6,pm,,2025-03-10,
439,cb9f980a-78d0-43cd-a51d-1db2e4b20feb,pm,50,2024-04-21,
440,b6dee060-e8b6-4b04-a3aa-40a283cbc3b3,dev_backend,80,2025-10-27,
440,d7108aa8-ad2d-4787-8fb1-cbe12fa09eaa,security,50,2025-02-12,
440,fb3de690-8752-49b8-ab5d-3917de804eb5,devops,,2025-07-30,
441,f30a5e30-b630-4a59-b3e8-1fdf4ffa6703,devops,80,2024-05-30,
441,8e272949-7499-4ffd-8215-9910943932c8,dev_backend,30,2024-07-07,
441,3aa248f1-8099-4909-9d04-e6804f839793,security,60,2025-11-03,
442,a6b043ef-a9b3-48bd-ac81-f295efd26116,dev_frontend,40,2024-06-19,
442,4d37d809-ada3-429e-b164-116d6a1c5117,qa,60,2024-10-25,
443,90ce35d0-1f85-4bce-a8e2-c272bf22787d,devops,50,2025-06-14,
443,4d37d809-ada3-429e-b164-116d6a1c5117,security,80,2024-10-25,
444,9d814464-7f57-44c8-8ae1-6c5a54691196,support,50,2025-07-11,
444,354eb07b-12c8-4ca7-ba14-3f1866256716,architect,60,2025-01-13,2025-02-27
444,16758bd0-6dc6-4106-aeb0-f5fdfd1227f1,dev_frontend,80,2025-12-01,
445,4d37d809-ada3-429e-b164-116d6a1c5117,ba,,2024-10-25,
445,db48c679-bd75-43e8-b043-c697bea2faaf,pm,20,2025-08-09,
446,3aa248f1-8099-4909-9d04-e6804f839793,dev_backend,30,2025-11-03,
446,4d37d809-ada3-429e-b164-116d6a1c5117,ml,40,2024-10-25,
447,4644c3dd-a7f5-4a00-bef0-0f2b90d85a65,dev_backend,,2025-11-19,
447,f811441c-161c-4c5b-960c-d04f0a32f776,ml,20,2024-01-18,
448,83b85698-3fd5-490d-a8d9-7987227f6e53,ml,60,2024-07-17,
448,dd691571-8bf3-41f2-a729-9332ea5a54ec,pm,40,2025-11-09,
448,e963abf7-e6fd-497d-9ff3-752d4b9a68b2,qa,30,2025-01-22,
449,48532cb1-1edd-4550-82a8-0e35d96e7ba0,security,50,2024-01-23,
449,f30a5e30-b630-4a59-b3e8-1fdf4ffa6703,architect,20,2024-05-30,
449,55503441-59a3-4907-a70f-caf2a25a0a9a,support,,2024-07-18,
450,8e272949-7499-4ffd-8215-9910943932c8,devops,20,2024-07-07,
