cb9f980a-78d0-43cd-a51d-1db2e4b20feb,7
cb9f980a-78d0-43cd-a51d-1db2e4b20feb,9
cb9f980a-78d0-43cd-a51d-1db2e4b20feb,8
67dc1f4b-337c-47a9-a61d-52ae5738cbb4,9
d7108aa8-ad2d-4787-8fb1-cbe12fa09eaa,6
d7108aa8-ad2d-4787-8fb1-cbe12fa09eaa,4
d7108aa8-ad2d-4787-8fb1-cbe12fa09eaa,2
db48c679-bd75-43e8-b043-c697bea2faaf,5
db48c679-bd75-43e8-b043-c697bea2faaf,2
a70deba0-1b44-43f7-8afd-e66a2c6523dc,4
c09d50bd-0ca0-422d-b8d2-401343fb5a0d,4
e963abf7-e6fd-497d-9ff3-752d4b9a68b2,8
40bd7fdf-a7aa-47b8-b718-90f1d187e7b8,6
40bd7fdf-a7aa-47b8-b718-90f1d187e7b8,10
40bd7fdf-a7aa-47b8-b718-90f1d187e7b8,2
9d814464-7f57-44c8-8ae1-6c5a54691196,9
95717935-f9fb-408a-9fb7-3d7176618477,9
48532cb1-1edd-4550-82a8-0e35d96e7ba0,6
8df7fac8-3696-48e6-9a59-ba6f8b95fcab,6
3aa248f1-8099-4909-9d04-e6804f839793,4
3aa248f1-8099-4909-9d04-e6804f839793,1
4644c3dd-a7f5-4a00-bef0-0f2b90d85a65,8
4644c3dd-a7f5-4a00-bef0-0f2b90d85a65,6
ed3b9b80-d4a3-475b-b0af-019df33040f1,4
ed3b9b80-d4a3-475b-b0af-019df33040f1,5
ed3b9b80-d4a3-475b-b0af-019df33040f1,2
55503441-59a3-4907-a70f-caf2a25a0a9a,1
55503441-59a3-4907-a70f-caf2a25a0a9a,7
55503441-59a3-4907-a70f-caf2a25a0a9a,4
8e272949-7499-4ffd-8215-9910943932c8,3
8e272949-7499-4ffd-8215-9910943932c8,7
8e272949-7499-4ffd-8215-9910943932c8,1
440e2cfe-cd3a-44e0-ba0b-717004150b24,6
a6b043ef-a9b3-48bd-ac81-f295efd26116,4
7ffb8305-4ce5-4b39-aa43-f938af632a3d,5
7ffb8305-4ce5-4b39-aa43-f938af632a3d,10
7ffb8305-4ce5-4b39-aa43-f938af632a3d,3
f30a5e30-b630-4a59-b3e8-1fdf4ffa6703,1
f30a5e30-b630-4a59-b3e8-1fdf4ffa6703,4
dd691571-8bf3-41f2-a729-9332ea5a54ec,1
214c841b-51fd-4ab0-9f1f-517943f17c5f,4
214c841b-51fd-4ab0-9f1f-517943f17c5f,7
a413a468-0545-4053-95a6-12f17bc0c824,5
83b85698-3fd5-490d-a8d9-7987227f6e53,10
83b85698-3fd5-490d-a8d9-7987227f6e53,3
35603545-7247-4c6b-9f94-4122d758a26c,9
35603545-7247-4c6b-9f94-4122d758a26c,7
35603545-7247-4c6b-9f94-4122d758a26c,3
354eb07b-12c8-4ca7-ba14-3f1866256716,6
354eb07b-12c8-4ca7-ba14-3f1866256716,2
354eb07b-12c8-4ca7-ba14-3f1866256716,5
fb3de690-8752-49b8-ab5d-3917de804eb5,3
fb3de690-8752-49b8-ab5d-3917de804eb5,2
4d37d809-ada3-429e-b164-116d6a1c5117,8
4d37d809-ada3-429e-b164-116d6a1c5117,9
b6dee060-e8b6-4b04-a3aa-40a283cbc3b3,4
16758bd0-6dc6-4106-aeb0-f5fdfd1227f1,10
16758bd0-6dc6-4106-aeb0-f5fdfd1227f1,6
16758bd0-6dc6-4106-aeb0-f5fdfd1227f1,3
90ce35d0-1f85-4bce-a8e2-c272bf22787d,6
90ce35d0-1f85-4bce-a8e2-c272bf22787d,4
f811441c-161c-4c5b-960c-d04f0a32f776,9
f811441c-161c-4c5b-960c-d04f0a32f776,10
a8cd9a8b-fda7-4976-847d-ef86880147f6,4
a8cd9a8b-fda7-4976-847d-ef86880147f6,7
